fir_no,occurrence_date,district,crime_group,accused_name,accused_phone,property_loss
FIR/2026/1011,2025-08-15,Mangaluru City,Assault,Janaki  Mistry,93137-35379,"₹ 120,000.00"
FIR/2026/1005,12/14/2025,Mysuru, Robbery ,Matthew Rana,9366712768,"₹ 120,000.00"
FIR/2026/1000,14 Sep 2025,bengaluru city,Assault,Darika Golla,+91-9301661318,
FIR/2026/1004,2025-10-03, Mangaluru City ,Burglary,Jasmit Bhardwaj,9114710497,"₹ 350,000.00"
FIR/2026/1006,19 Oct 2025,MYSURU,CYBERCRIME,Watika Wali,,"₹ 12,000.00"
FIR/2026/1016,2025-07-14,Belagavi City,Assault,Dipta Shroff,+91-9783848372,
FIR/2026/1008,24 Jan 2026,mysuru,THEFT,Jatin Kapoor B,9590139624,"₹120,000"
FIR/2026/1028,09-07-2025,Mysuru  ,Robbery,Jasmit Bhardwaj,,"₹50,000"
FIR/2026/1019,2026-04-11,Mangaluru City,THEFT,Dev Bhasin,9114402426,Rs.250000
FIR/2026/1022,2025-12-14,Mysuru,Cybercrime,Matthew Rana,,Rs.120000
FIR/2026/1017,06-01-2026, Hubballi-Dharwad ,Theft,Dipta Shroff,09524273167,12000
FIR/2026/1001,2025-08-20,Bengaluru City,ROBBERY,Baljiwan Chadha,,Rs.50000
FIR/2026/1014,17/11/2025,Mangaluru City,Burglary,Watika Wali,98282-88072,
FIR/2026/1029,03/10/2026,Mangaluru City,Assault,Jatin Kapoor B,9707413748,"₹120,000"
FIR/2026/1002,2026-03-28,Mangaluru City,CYBERCRIME,Omya Boase,9819093786,"₹ 120,000.00"
FIR/2026/1026,22-09-2025,Bengaluru City,Burglary,Oni Dhawan,+91 98288 90931,
FIR/2026/1021,22-10-2025,Bengaluru City,ASSAULT,Omya  Boase,+91 94834 78245,"₹8,000"
FIR/2026/1015,2026-06-03,Bengaluru City,Assault,OMYA BOASE,97180-33401,"₹8,000"
FIR/2026/1027,26 Feb 2026,Hubballi-Dharwad,Theft,Raghav Pradhan,+91 97407 18818,"₹ 120,000.00"
FIR/2026/1007,2025-11-27,Mangaluru City,Assault,ONI DHAWAN,+91 98907 86666,"₹120,000"
FIR/2026/1024,11/07/2025, Hubballi-Dharwad , Robbery ,Mekhala Bawa,9853043520,"₹ 120,000.00"
FIR/2026/1012,19/10/2025,Hubballi-Dharwad,Cybercrime,Jasmit Bhardwaj,+91 95167 61222,120000
FIR/2026/1026,22-09-2025,Bengaluru City,Burglary,Oni Dhawan,+91 98288 90931,
FIR/2026/1020,18-10-2025,Hubballi-Dharwad,Assault,Darika Golla B,9419314170,"₹ 120,000.00"
FIR/2026/1025,20/07/2025,Mangaluru City,cybercrime,Jatin Kapoor B,9443198296,120000
FIR/2026/1023,04/03/2026,Mysuru,ASSAULT,Dev Bhasin,+91 95020 14620,"₹ 120,000.00"
FIR/2026/1033,26/11/2025, Mangaluru City , Cybercrime ,Watika Wali,+91 95356 06883,
FIR/2026/1028,09-07-2025,Mysuru  ,Robbery,Jasmit Bhardwaj,,"₹50,000"
FIR/2026/1009,12 Jul 2025,Hubballi-Dharwad, Theft ,Baljiwan Chadha,+91 97280 38528,"₹50,000"
FIR/2026/1032,20 Feb 2026,mangaluru city, Assault ,Oni Dhawan,91304-45166,
FIR/2026/1013,05/23/2026,Mysuru,cybercrime,Janaki Mistry,09263304348,"₹ 50,000.00"
FIR/2026/1030,07/10/2025,Hubballi-Dharwad  ,Theft,Jatin Kapoor,97463-31912,50000
FIR/2026/1010,20-12-2025,Mangaluru City,Burglary,Chakradhar Deol,9393363387,"₹ 8,000.00"
FIR/2026/1008,24 Jan 2026,mysuru,THEFT,Jatin Kapoor B,9590139624,"₹120,000"
FIR/2026/1003,15-07-2025,Bengaluru City,Burglary,Oni Dhawan B,09749118625,"₹120,000"
FIR/2026/1031,01/13/2026,Mysuru,ROBBERY,Chakradhar Deol,,Rs.120000
FIR/2026/1018,31 Mar 2026,Mangaluru City, Assault ,Watika Wali,,"₹120,000"
